name,role,country,overseas,capped,basePrice,rating,prevTeam,photo
MS Dhoni,Wicketkeeper,India,false,true,75,62,CSK,
Sanju Samson,Wicketkeeper,India,false,true,200,84,CSK,
Ruturaj Gaikwad,Batter,India,false,true,200,84,CSK,
Ayush Mhatre,Batter,India,false,false,30,56,CSK,
Dewald Brevis,Batter,South Africa,true,true,150,75,CSK,
Urvil Patel,Wicketkeeper,India,false,false,30,56,CSK,
Kartik Sharma,Wicketkeeper,India,false,false,30,56,CSK,
Matthew Short,Batter,Australia,true,true,150,75,CSK,
Sarfaraz Khan,Batter,India,false,true,75,62,CSK,
Anshul Kamboj,Bowler,India,false,true,75,62,CSK,
Gurjapneet Singh,Bowler,India,false,true,75,62,CSK,
Mukesh Choudhary,Bowler,India,false,true,75,62,CSK,
Nathan Ellis,Bowler,Australia,true,true,150,75,CSK,
Noor Ahmad,Bowler,Afghanistan,true,true,200,84,CSK,
Khaleel Ahmed,Bowler,India,false,true,150,75,CSK,
Matt Henry,Bowler,New Zealand,true,true,150,75,CSK,
Rahul Chahar,Bowler,India,false,true,75,62,CSK,
Zak Foulkes,Bowler,New Zealand,true,false,50,56,CSK,
Jamie Overton,All-rounder,England,true,true,150,75,CSK,
Ramakrishna Ghosh,All-rounder,India,false,false,30,56,CSK,
Shivam Dube,All-rounder,India,false,true,150,75,CSK,
Shreyas Gopal,All-rounder,India,false,true,75,62,CSK,
Akeal Hosein,All-rounder,West Indies,true,true,100,66,CSK,
Prashant Veer,All-rounder,India,false,false,30,56,CSK,
Aman Khan,All-rounder,India,false,false,30,56,CSK,
Abishek Porel,Wicketkeeper,India,false,false,30,56,DC,
Ashutosh Sharma,Batter,India,false,false,100,75,DC,
Karun Nair,Batter,India,false,true,150,75,DC,
KL Rahul,Wicketkeeper,India,false,true,200,88,DC,
Nitish Rana,Batter,India,false,true,150,75,DC,
Sameer Rizvi,Batter,India,false,false,100,75,DC,
Tristan Stubbs,Batter,South Africa,true,true,150,75,DC,
David Miller,Batter,South Africa,true,true,200,84,DC,
Ben Duckett,Batter,England,true,true,150,75,DC,
Pathum Nissanka,Batter,Sri Lanka,true,true,100,66,DC,
Sahil Parakh,Batter,India,false,false,30,56,DC,
Prithvi Shaw,Batter,India,false,true,75,62,DC,
Dushmantha Chameera,Bowler,Sri Lanka,true,true,150,75,DC,
Kuldeep Yadav,Bowler,India,false,true,200,84,DC,
Mitchell Starc,Bowler,Australia,true,true,200,84,DC,
Mukesh Kumar,Bowler,India,false,true,150,75,DC,
T Natarajan,Bowler,India,false,true,150,75,DC,
Tripurana Vijay,Bowler,India,false,false,30,56,DC,
Auqib Nabi,Bowler,India,false,false,30,56,DC,
Kyle Jamieson,Bowler,New Zealand,true,true,150,75,DC,
Ajay Mandal,All-rounder,India,false,false,30,56,DC,
Axar Patel,All-rounder,India,false,true,200,84,DC,
Madhav Tiwari,All-rounder,India,false,false,30,56,DC,
Vipraj Nigam,All-rounder,India,false,false,30,56,DC,
Anuj Rawat,Wicketkeeper,India,false,false,30,56,GT,
Jos Buttler,Wicketkeeper,England,true,true,200,88,GT,
Kumar Kushagra,Wicketkeeper,India,false,false,30,56,GT,
Sai Sudharsan,Batter,India,false,true,200,84,GT,
Shubman Gill,Batter,India,false,true,200,88,GT,
Tom Banton,Batter,England,true,true,100,66,GT,
Gurnoor Brar,Bowler,India,false,false,30,56,GT,
Ishant Sharma,Bowler,India,false,true,150,75,GT,
Kagiso Rabada,Bowler,South Africa,true,true,200,84,GT,
Mohammed Siraj,Bowler,India,false,true,200,84,GT,
Arshad Khan,Bowler,India,false,false,30,56,GT,
Prasidh Krishna,Bowler,India,false,true,150,75,GT,
Sai Kishore,Bowler,India,false,true,75,62,GT,
Rashid Khan,Bowler,Afghanistan,true,true,200,88,GT,
Ashok Sharma,Bowler,India,false,false,30,56,GT,
Prithvi Raj Yarra,Bowler,India,false,false,30,56,GT,
Luke Wood,Bowler,England,true,true,100,66,GT,
Glenn Phillips,All-rounder,New Zealand,true,true,150,75,GT,
Jayant Yadav,All-rounder,India,false,true,75,62,GT,
Manav Suthar,All-rounder,India,false,false,30,56,GT,
Nishant Sindhu,All-rounder,India,false,false,30,56,GT,
Rahul Tewatia,All-rounder,India,false,false,100,75,GT,
Shahrukh Khan,All-rounder,India,false,false,100,75,GT,
Washington Sundar,All-rounder,India,false,true,200,84,GT,
Jason Holder,All-rounder,West Indies,true,true,150,75,GT,
Ajinkya Rahane,Batter,India,false,true,150,75,KKR,
Angkrish Raghuvanshi,Batter,India,false,true,75,62,KKR,
Manish Pandey,Batter,India,false,true,75,62,KKR,
Rinku Singh,Batter,India,false,true,150,75,KKR,
Rovman Powell,Batter,West Indies,true,true,150,75,KKR,
Finn Allen,Batter,New Zealand,true,true,100,66,KKR,
Tejasvi Singh,Batter,India,false,false,30,56,KKR,
Rahul Tripathi,Batter,India,false,true,75,62,KKR,
Tim Seifert,Wicketkeeper,New Zealand,true,true,100,66,KKR,
Harshit Rana,Bowler,India,false,true,150,75,KKR,
Umran Malik,Bowler,India,false,true,150,75,KKR,
Vaibhav Arora,Bowler,India,false,false,100,75,KKR,
Varun Chakaravarthy,Bowler,India,false,true,200,84,KKR,
Matheesha Pathirana,Bowler,Sri Lanka,true,true,150,75,KKR,
Kartik Tyagi,Bowler,India,false,false,30,56,KKR,
Prashant Solanki,Bowler,India,false,false,30,56,KKR,
Mustafizur Rahman,Bowler,Bangladesh,true,true,150,75,KKR,
Akash Deep,Bowler,India,false,true,75,62,KKR,
Anukul Roy,All-rounder,India,false,false,30,56,KKR,
Ramandeep Singh,All-rounder,India,false,true,75,62,KKR,
Sunil Narine,All-rounder,West Indies,true,true,200,84,KKR,
Cameron Green,All-rounder,Australia,true,true,200,84,KKR,
Sarthak Ranjan,All-rounder,India,false,false,30,56,KKR,
Daksh Kamra,All-rounder,India,false,false,30,56,KKR,
Rachin Ravindra,All-rounder,New Zealand,true,true,150,75,KKR,
Abdul Samad,Batter,India,false,false,100,75,LSG,
Himmat Singh,Batter,India,false,false,30,56,LSG,
Matthew Breetzke,Batter,South Africa,true,true,150,75,LSG,
Nicholas Pooran,Wicketkeeper,West Indies,true,true,200,84,LSG,
Rishabh Pant,Wicketkeeper,India,false,true,200,88,LSG,
Mukul Choudhary,Wicketkeeper,India,false,false,30,56,LSG,
Akshat Raghuwanshi,Batter,India,false,false,30,56,LSG,
Josh Inglis,Wicketkeeper,Australia,true,true,150,75,LSG,
Akash Singh,Bowler,India,false,false,30,56,LSG,
Arjun Tendulkar,Bowler,India,false,false,30,56,LSG,
Avesh Khan,Bowler,India,false,true,150,75,LSG,
Digvesh Rathi,Bowler,India,false,false,30,56,LSG,
Mamimaran Siddharth,Bowler,India,false,false,30,56,LSG,
Mayank Yadav,Bowler,India,false,true,150,75,LSG,
Mohammed Shami,Bowler,India,false,true,200,84,LSG,
Mohsin Khan,Bowler,India,false,false,100,75,LSG,
Prince Yadav,Bowler,India,false,false,30,56,LSG,
Anrich Nortje,Bowler,South Africa,true,true,150,75,LSG,
Naman Tiwari,Bowler,India,false,false,30,56,LSG,
Aiden Markram,All-rounder,South Africa,true,true,150,75,LSG,
Arshin Kulkarni,All-rounder,India,false,false,30,56,LSG,
Ayush Badoni,All-rounder,India,false,false,100,75,LSG,
Mitchell Marsh,All-rounder,Australia,true,true,200,84,LSG,
Shahbaz Ahmed,All-rounder,India,false,true,75,62,LSG,
Wanindu Hasaranga,All-rounder,Sri Lanka,true,true,200,84,LSG,
Robin Minz,Wicketkeeper,India,false,false,30,56,MI,
Rohit Sharma,Batter,India,false,true,200,88,MI,
Ryan Rickelton,Wicketkeeper,South Africa,true,true,150,75,MI,
Sherfane Rutherford,Batter,West Indies,true,true,100,66,MI,
Suryakumar Yadav,Batter,India,false,true,200,88,MI,
Tilak Varma,Batter,India,false,true,200,84,MI,
Quinton de Kock,Wicketkeeper,South Africa,true,true,200,84,MI,
Danish Malewar,Batter,India,false,false,30,56,MI,
Allah Ghazanfar,Bowler,Afghanistan,true,true,100,66,MI,
Ashwani Kumar,Bowler,India,false,false,30,56,MI,
Deepak Chahar,Bowler,India,false,true,150,75,MI,
Jasprit Bumrah,Bowler,India,false,true,200,88,MI,
Mayank Markande,Bowler,India,false,true,75,62,MI,
Raghu Sharma,Bowler,India,false,false,30,56,MI,
Shardul Thakur,Bowler,India,false,true,150,75,MI,
Trent Boult,Bowler,New Zealand,true,true,200,84,MI,
Mohammad Izhar,Bowler,India,false,false,30,56,MI,
Corbin Bosch,All-rounder,South Africa,true,true,100,66,MI,
Hardik Pandya,All-rounder,India,false,true,200,88,MI,
Mitchell Santner,All-rounder,New Zealand,true,true,150,75,MI,
Naman Dhir,All-rounder,India,false,false,30,56,MI,
Raj Angad Bawa,All-rounder,India,false,false,30,56,MI,
Will Jacks,All-rounder,England,true,true,150,75,MI,
Atharva Ankolekar,All-rounder,India,false,false,30,56,MI,
Mayank Rawat,All-rounder,India,false,false,30,56,MI,
Harnoor Singh Pannu,Batter,India,false,false,30,56,PBKS,
Nehal Wadhera,Batter,India,false,false,30,56,PBKS,
Prabhsimran Singh,Wicketkeeper,India,false,false,100,75,PBKS,
Priyansh Arya,Batter,India,false,false,100,75,PBKS,
Pyla Avinash,Batter,India,false,false,30,56,PBKS,
Shashank Singh,Batter,India,false,false,100,75,PBKS,
Shreyas Iyer,Batter,India,false,true,200,88,PBKS,
Vishnu Vinod,Wicketkeeper,India,false,false,30,56,PBKS,
Arshdeep Singh,Bowler,India,false,true,200,84,PBKS,
Lockie Ferguson,Bowler,New Zealand,true,true,150,75,PBKS,
Vyshak Vijaykumar,Bowler,India,false,false,30,56,PBKS,
Xavier Bartlett,Bowler,Australia,true,true,100,66,PBKS,
Yash Thakur,Bowler,India,false,false,30,56,PBKS,
Yuzvendra Chahal,Bowler,India,false,true,200,84,PBKS,
Ben Dwarshuis,Bowler,Australia,true,true,100,66,PBKS,
Azmatullah Omarzai,All-rounder,Afghanistan,true,true,100,66,PBKS,
Harpreet Brar,All-rounder,India,false,false,30,56,PBKS,
Marco Jansen,All-rounder,South Africa,true,true,200,84,PBKS,
Marcus Stoinis,All-rounder,Australia,true,true,200,84,PBKS,
Mitchell Owen,All-rounder,Australia,true,true,100,66,PBKS,
Musheer Khan,All-rounder,India,false,false,30,56,PBKS,
Suryansh Shedge,All-rounder,India,false,false,30,56,PBKS,
Cooper Connolly,All-rounder,Australia,true,true,100,66,PBKS,
Pravin Dubey,All-rounder,India,false,false,30,56,PBKS,
Vishal Nishad,All-rounder,India,false,false,30,56,PBKS,
Dhruv Jurel,Wicketkeeper,India,false,true,150,75,RR,
Lhuan-dre Pretorius,Wicketkeeper,South Africa,true,true,100,66,RR,
Shimron Hetmyer,Batter,West Indies,true,true,150,75,RR,
Shubham Dubey,Batter,India,false,false,30,56,RR,
Vaibhav Suryavanshi,Batter,India,false,false,30,56,RR,
Yashasvi Jaiswal,Batter,India,false,true,200,88,RR,
Ravi Singh,Wicketkeeper,India,false,false,30,56,RR,
Aman Rao,Batter,India,false,false,30,56,RR,
Jofra Archer,Bowler,England,true,true,200,84,RR,
Kwena Maphaka,Bowler,South Africa,true,true,100,66,RR,
Nandre Burger,Bowler,South Africa,true,true,100,66,RR,
Sandeep Sharma,Bowler,India,false,false,100,75,RR,
Tushar Deshpande,Bowler,India,false,true,75,62,RR,
Yudhvir Singh Charak,Bowler,India,false,false,30,56,RR,
Ravi Bishnoi,Bowler,India,false,true,150,75,RR,
Sushant Mishra,Bowler,India,false,false,30,56,RR,
Yash Raj Punja,Bowler,India,false,false,30,56,RR,
Vignesh Puthur,Bowler,India,false,false,30,56,RR,
Brijesh Sharma,Bowler,India,false,false,30,56,RR,
Adam Milne,Bowler,New Zealand,true,true,150,75,RR,
Kuldeep Sen,Bowler,India,false,true,75,62,RR,
Donovan Ferreira,All-rounder,South Africa,true,true,100,66,RR,
Ravindra Jadeja,All-rounder,India,false,true,200,84,RR,
Riyan Parag,All-rounder,India,false,true,150,75,RR,
Sam Curran,All-rounder,England,true,true,200,84,RR,
Devdutt Padikkal,Batter,India,false,true,150,75,RCB,
Jitesh Sharma,Wicketkeeper,India,false,true,150,75,RCB,
Phil Salt,Wicketkeeper,England,true,true,200,84,RCB,
Rajat Patidar,Batter,India,false,true,150,75,RCB,
Tim David,Batter,Australia,true,true,150,75,RCB,
Virat Kohli,Batter,India,false,true,200,88,RCB,
Jordan Cox,Wicketkeeper,England,true,true,100,66,RCB,
Vihaan Malhotra,Batter,India,false,false,30,56,RCB,
Abhinandan Singh,Bowler,India,false,false,30,56,RCB,
Bhuvneshwar Kumar,Bowler,India,false,true,200,84,RCB,
Josh Hazlewood,Bowler,Australia,true,true,200,84,RCB,
Nuwan Thushara,Bowler,Sri Lanka,true,true,100,66,RCB,
Rasikh Dar,Bowler,India,false,false,30,56,RCB,
Suyash Sharma,Bowler,India,false,false,30,56,RCB,
Yash Dayal,Bowler,India,false,false,30,56,RCB,
Jacob Duffy,Bowler,New Zealand,true,true,100,66,RCB,
Vicky Ostwal,Bowler,India,false,false,30,56,RCB,
Jacob Bethell,All-rounder,England,true,true,150,75,RCB,
Krunal Pandya,All-rounder,India,false,true,150,75,RCB,
Romario Shepherd,All-rounder,West Indies,true,true,150,75,RCB,
Swapnil Singh,All-rounder,India,false,false,30,56,RCB,
Venkatesh Iyer,All-rounder,India,false,true,150,75,RCB,
Satvik Deswal,All-rounder,India,false,false,30,56,RCB,
Mangesh Yadav,All-rounder,India,false,false,30,56,RCB,
Kanishk Chouhan,All-rounder,India,false,false,30,56,RCB,
Aniket Verma,Batter,India,false,false,30,56,SRH,
Heinrich Klaasen,Wicketkeeper,South Africa,true,true,200,84,SRH,
Ishan Kishan,Wicketkeeper,India,false,true,200,84,SRH,
Smaran Ravichandran,Batter,India,false,false,30,56,SRH,
Travis Head,Batter,Australia,true,true,200,84,SRH,
Salil Arora,Wicketkeeper,India,false,false,30,56,SRH,
Brydon Carse,Bowler,England,true,true,100,66,SRH,
Eshan Malinga,Bowler,Sri Lanka,true,false,50,56,SRH,
Harshal Patel,Bowler,India,false,true,150,75,SRH,
Jaydev Unadkat,Bowler,India,false,true,75,62,SRH,
Pat Cummins,Bowler,Australia,true,true,200,84,SRH,
Zeeshan Ansari,Bowler,India,false,false,30,56,SRH,
Sakib Hassan,Bowler,India,false,false,30,56,SRH,
Onkar Tarmale,Bowler,India,false,false,30,56,SRH,
Amit Kumar,Bowler,India,false,false,30,56,SRH,
Praful Hinge,Bowler,India,false,false,30,56,SRH,
Abhishek Sharma,All-rounder,India,false,true,200,84,SRH,
Harsh Dubey,All-rounder,India,false,false,30,56,SRH,
Kamindu Mendis,All-rounder,Sri Lanka,true,true,100,66,SRH,
Nitish Kumar Reddy,All-rounder,India,false,true,150,75,SRH,
Shivang Kumar,All-rounder,India,false,false,30,56,SRH,
Krains Fuletra,All-rounder,India,false,false,30,56,SRH,
Liam Livingstone,All-rounder,England,true,true,200,84,SRH,
Shivam Mavi,All-rounder,India,false,true,75,62,SRH,
Jack Edwards,All-rounder,Australia,true,false,50,56,SRH,
